sample_id,tissue,sex,genotype,heathours,replicate,barcode,lane
A1,carcass,male,lilliRNAi,0h,1,CGATGT,1
A2,carcass,male,lilliRNAi,0h,2,TGACCA,1
A3,carcass,male,lilliRNAi,0h,3,ACAGTG,1
A4,carcass,male,lilliRNAi,24h,1,GCCAAT,1
A5,carcass,male,lilliRNAi,24h,2,CAGATC,1
A6,carcass,male,lilliRNAi,24h,3,CTTGTA,1
A7,carcass,male,w1118,0h,1,AGTCAA,1
A8,carcass,male,w1118,0h,2,AGTTCC,1
A9,carcass,male,w1118,0h,3,ATGTCA,1
A10,carcass,male,w1118,24h,1,CCGTCC,1
A11,carcass,male,w1118,24h,2,GTCCGC,1
A12,carcass,male,w1118,24h,3,GTGAAA,1
B1,carcass,female,lilliRNAi,0h,1,ATCACG,1
B2,carcass,female,lilliRNAi,0h,2,TTAGGC,1
B3,carcass,female,lilliRNAi,0h,3,ACTTGA,1
B4,carcass,female,lilliRNAi,24h,1,GATCAG,1
B5,carcass,female,lilliRNAi,24h,2,TAGCTT,1
B6,carcass,female,lilliRNAi,24h,3,GGCTAC,1
B7,carcass,female,w1118,0h,1,GTGGCC,1
B8,carcass,female,w1118,0h,2,GTTTCG,1
B9,carcass,female,w1118,0h,3,CGTACG,1
B10,carcass,female,w1118,24h,1,GAGTGG,1
B11,carcass,female,w1118,24h,2,ACTGAT,1
B12,carcass,female,w1118,24h,3,ATTCCT,1